{
  "entrypoints": {
    "app": {
      "js": [
        "/build/runtime.be343072.js",
        "/build/895.edc39cd3.js",
        "/build/602.600a6249.js",
        "/build/408.03b4e45b.js",
        "/build/582.6b041d3c.js",
        "/build/41.6e3404d5.js",
        "/build/545.f609a425.js",
        "/build/508.1aead82f.js",
        "/build/app.29d9314b.js"
      ],
      "css": [
        "/build/41.ef6a8557.css",
        "/build/545.eb47bd9e.css",
        "/build/app.a225af84.css"
      ]
    },
    "cart-app": {
      "js": [
        "/build/runtime.be343072.js",
        "/build/895.edc39cd3.js",
        "/build/408.03b4e45b.js",
        "/build/cart-app.d54ea33a.js"
      ],
      "css": [
        "/build/cart-app.edfcfc1a.css"
      ]
    },
    "admin": {
      "js": [
        "/build/runtime.be343072.js",
        "/build/895.edc39cd3.js",
        "/build/602.600a6249.js",
        "/build/582.6b041d3c.js",
        "/build/545.f609a425.js",
        "/build/admin.7e5b3f5f.js"
      ],
      "css": [
        "/build/545.eb47bd9e.css"
      ]
    },
    "legal": {
      "js": [
        "/build/runtime.be343072.js"
      ],
      "css": [
        "/build/legal.d0bc34e0.css"
      ]
    }
  }
}